timestamp_utc,model,question_id,question,gold_answer,category,run_index,seed,response_text,done,total_duration,eval_count,prompt_eval_count,shared_instruction,normalized_response,normalized_gold,exact_match,normalized_exact_match,token_f1,string_similarity,bleu,rouge_l,bertscore_precision,bertscore_recall,bertscore_f1,judge_score,judge_rationale
2026-04-10T11:14:25.404591+00:00,llama3.1:8b,q1,What is Ibuprofen?,"Ibuprofen is a nonsteroidal anti-inflammatory drug (NSAID) used to treat mild to moderate pain, and helps to relieve symptoms of arthritis (osteoarthritis, rheumatoid arthritis, or juvenile arthritis), such as inflammation, swelling, stiffness, and joint pain. This medicine does not cure arthritis and will help you only as long as you continue to take it.",pharmacology,0,42,"Ibuprofen is a nonsteroidal anti-inflammatory drug (NSAID) commonly used to relieve pain, reduce inflammation, and lower fever. It works by blocking the production of prostaglandins, which are chemicals that cause pain and inflammation in the body.",True,4458497959,55,47,"You are a clinical expert. Answer in ≤3 sentences. Be direct.
If uncertain, say so. Never recommend unsafe actions.",ibuprofen is a nonsteroidal antiinflammatory drug nsaid commonly used to relieve pain reduce inflammation and lower fever it works by blocking the production of prostaglandins which are chemicals that cause pain and inflammation in the body,ibuprofen is a nonsteroidal antiinflammatory drug nsaid used to treat mild to moderate pain and helps to relieve symptoms of arthritis osteoarthritis rheumatoid arthritis or juvenile arthritis such as inflammation swelling stiffness and joint pain this medicine does not cure arthritis and will help you only as long as you continue to take it,0.0,0.0,0.3777777777777778,0.2058319039451115,0.13082545840551071,0.3111111111111111,0.9226164221763611,0.8868899345397949,0.9044004678726196,0.8,"```json
{""score"": 0.8, ""rationale"": ""The model answer correctly identifies ibuprofen as an NSAID and describes its function. However, it omits the specific uses for arthritis mentioned in the gold answer, and doesn't mention that it only provides symptomatic relief.""}
```"
2026-04-10T11:14:27.658088+00:00,llama3.1:8b,q2,What is DLBCL?,"Diffuse large B-cell lymphoma (DLBCL) is a type of lymphoma. Lymphoma is cancer that affects the lymphatic system. The lymphatic system is made up of organs, glands, tubelike vessels and clusters of cells called lymph nodes. It's part of the body's germ-fighting immune system. Diffuse large B-cell lymphoma can affect lymph nodes, bone marrow, and other tissues throughout the body, such as in the gastrointestinal system, central nervous system, bones or skin.",oncology,0,42,"Diffuse large B-cell lymphoma (DLBCL) is an aggressive type of non-Hodgkin lymphoma that originates from B cells and can occur in various parts of the body, including lymph nodes, spleen, liver, and bone marrow. It's a common subtype of lymphoma, accounting for about 30% of all cases. DLBCL requires prompt treatment with chemotherapy, radiation therapy, or immunotherapy to achieve remission.",True,2247031209,92,47,"You are a clinical expert. Answer in ≤3 sentences. Be direct.
If uncertain, say so. Never recommend unsafe actions.",diffuse large bcell lymphoma dlbcl is an aggressive type of nonhodgkin lymphoma that originates from b cells and can occur in various parts of the body including lymph nodes spleen liver and bone marrow its a common subtype of lymphoma accounting for about 30 of all cases dlbcl requires prompt treatment with chemotherapy radiation therapy or immunotherapy to achieve remission,diffuse large bcell lymphoma dlbcl is a type of lymphoma lymphoma is cancer that affects the lymphatic system the lymphatic system is made up of organs glands tubelike vessels and clusters of cells called lymph nodes its part of the bodys germfighting immune system diffuse large bcell lymphoma can affect lymph nodes bone marrow and other tissues throughout the body such as in the gastrointestinal system central nervous system bones or skin,0.0,0.0,0.42424242424242425,0.1071863580998782,0.10914342206055806,0.2727272727272727,0.8921672105789185,0.8945729732513428,0.8933684825897217,0.8,"```json
{""score"": 0.8, ""rationale"": ""The model answer correctly identifies DLBCL as an aggressive lymphoma originating from B cells and affecting multiple organs. It misses some details from the gold answer regarding the lymphatic system's role in immunity and the broader definition of lymphoma. The mention of treatment is accurate but not part of the definition.""}
```"
2026-04-10T11:14:31.267767+00:00,gemma3:12b,q1,What is Ibuprofen?,"Ibuprofen is a nonsteroidal anti-inflammatory drug (NSAID) used to treat mild to moderate pain, and helps to relieve symptoms of arthritis (osteoarthritis, rheumatoid arthritis, or juvenile arthritis), such as inflammation, swelling, stiffness, and joint pain. This medicine does not cure arthritis and will help you only as long as you continue to take it.",pharmacology,0,42,"Ibuprofen is a nonsteroidal anti-inflammatory drug (NSAID) commonly used to relieve pain, reduce fever, and decrease inflammation. It works by blocking the production of prostaglandins, substances in the body that contribute to pain and inflammation. It's available over-the-counter and by prescription.",True,3604404375,62,46,"You are a clinical expert. Answer in ≤3 sentences. Be direct.
If uncertain, say so. Never recommend unsafe actions.",ibuprofen is a nonsteroidal antiinflammatory drug nsaid commonly used to relieve pain reduce fever and decrease inflammation it works by blocking the production of prostaglandins substances in the body that contribute to pain and inflammation its available overthecounter and by prescription,ibuprofen is a nonsteroidal antiinflammatory drug nsaid used to treat mild to moderate pain and helps to relieve symptoms of arthritis osteoarthritis rheumatoid arthritis or juvenile arthritis such as inflammation swelling stiffness and joint pain this medicine does not cure arthritis and will help you only as long as you continue to take it,0.0,0.0,0.4000000000000001,0.19558359621451105,0.14105236918710007,0.29473684210526313,0.909199595451355,0.8870872259140015,0.898007333278656,0.8,"```json
{""score"": 0.8, ""rationale"": ""The model answer correctly identifies ibuprofen as an NSAID and describes its uses and mechanism of action. It omits the specific arthritis details and the disclaimer about not curing the condition present in the gold answer, which reduces the score.""}
```"
2026-04-10T11:14:33.884191+00:00,gemma3:12b,q2,What is DLBCL?,"Diffuse large B-cell lymphoma (DLBCL) is a type of lymphoma. Lymphoma is cancer that affects the lymphatic system. The lymphatic system is made up of organs, glands, tubelike vessels and clusters of cells called lymph nodes. It's part of the body's germ-fighting immune system. Diffuse large B-cell lymphoma can affect lymph nodes, bone marrow, and other tissues throughout the body, such as in the gastrointestinal system, central nervous system, bones or skin.",oncology,0,42,"Diffuse large B-cell lymphoma (DLBCL) is an aggressive type of non-Hodgkin lymphoma arising from B lymphocytes. It's characterized by rapid growth and widespread involvement of lymph nodes and other organs. Treatment typically involves chemotherapy, and outcomes vary depending on specific subtypes and individual patient factors.",True,2611916458,60,46,"You are a clinical expert. Answer in ≤3 sentences. Be direct.
If uncertain, say so. Never recommend unsafe actions.",diffuse large bcell lymphoma dlbcl is an aggressive type of nonhodgkin lymphoma arising from b lymphocytes its characterized by rapid growth and widespread involvement of lymph nodes and other organs treatment typically involves chemotherapy and outcomes vary depending on specific subtypes and individual patient factors,diffuse large bcell lymphoma dlbcl is a type of lymphoma lymphoma is cancer that affects the lymphatic system the lymphatic system is made up of organs glands tubelike vessels and clusters of cells called lymph nodes its part of the bodys germfighting immune system diffuse large bcell lymphoma can affect lymph nodes bone marrow and other tissues throughout the body such as in the gastrointestinal system central nervous system bones or skin,0.0,0.0,0.29059829059829057,0.11518324607329843,0.08021537449613124,0.25641025641025644,0.889716625213623,0.87844318151474,0.8840439319610596,0.7,"```json
{""score"": 0.7, ""rationale"": ""The model answer correctly identifies DLBCL as an aggressive non-Hodgkin lymphoma and mentions key aspects like rapid growth and treatment. However, it lacks the detailed explanation of the lymphatic system and its function as provided in the gold answer, reducing its completeness.""}
```"
2026-04-10T11:14:38.778723+00:00,medaibase/medgemma1.5:4b,q1,What is Ibuprofen?,"Ibuprofen is a nonsteroidal anti-inflammatory drug (NSAID) used to treat mild to moderate pain, and helps to relieve symptoms of arthritis (osteoarthritis, rheumatoid arthritis, or juvenile arthritis), such as inflammation, swelling, stiffness, and joint pain. This medicine does not cure arthritis and will help you only as long as you continue to take it.",pharmacology,0,42,"Ibuprofen is a nonsteroidal anti-inflammatory drug (NSAID) commonly used to treat pain, fever, and inflammation. It works by inhibiting the production of prostaglandins, chemicals that cause inflammation and pain. It is available over-the-counter and by prescription.",True,4886244333,55,44,"You are a clinical expert. Answer in ≤3 sentences. Be direct.
If uncertain, say so. Never recommend unsafe actions.",ibuprofen is a nonsteroidal antiinflammatory drug nsaid commonly used to treat pain fever and inflammation it works by inhibiting the production of prostaglandins chemicals that cause inflammation and pain it is available overthecounter and by prescription,ibuprofen is a nonsteroidal antiinflammatory drug nsaid used to treat mild to moderate pain and helps to relieve symptoms of arthritis osteoarthritis rheumatoid arthritis or juvenile arthritis such as inflammation swelling stiffness and joint pain this medicine does not cure arthritis and will help you only as long as you continue to take it,0.0,0.0,0.4,0.19699499165275458,0.13486688972155622,0.3777777777777778,0.9165159463882446,0.8911083340644836,0.9036335349082947,0.8,"```json
{""score"": 0.8, ""rationale"": ""The model answer correctly identifies ibuprofen as an NSAID and describes its use for pain, fever, and inflammation. It misses the specific arthritis symptom relief mentioned in the gold answer, and lacks the important disclaimer about the medication's duration of effect.""}
```"
2026-04-10T11:14:41.132930+00:00,medaibase/medgemma1.5:4b,q2,What is DLBCL?,"Diffuse large B-cell lymphoma (DLBCL) is a type of lymphoma. Lymphoma is cancer that affects the lymphatic system. The lymphatic system is made up of organs, glands, tubelike vessels and clusters of cells called lymph nodes. It's part of the body's germ-fighting immune system. Diffuse large B-cell lymphoma can affect lymph nodes, bone marrow, and other tissues throughout the body, such as in the gastrointestinal system, central nervous system, bones or skin.",oncology,0,42,"Diffuse Large B-cell Lymphoma (DLBCL) is a type of non-Hodgkin lymphoma, a cancer of the lymphatic system. It is characterized by the uncontrolled growth of abnormal B-lymphocytes, which are a type of white blood cell. DLBCL is the most common type of non-Hodgkin lymphoma.",True,2344493667,66,44,"You are a clinical expert. Answer in ≤3 sentences. Be direct.
If uncertain, say so. Never recommend unsafe actions.",diffuse large bcell lymphoma dlbcl is a type of nonhodgkin lymphoma a cancer of the lymphatic system it is characterized by the uncontrolled growth of abnormal blymphocytes which are a type of white blood cell dlbcl is the most common type of nonhodgkin lymphoma,diffuse large bcell lymphoma dlbcl is a type of lymphoma lymphoma is cancer that affects the lymphatic system the lymphatic system is made up of organs glands tubelike vessels and clusters of cells called lymph nodes its part of the bodys germfighting immune system diffuse large bcell lymphoma can affect lymph nodes bone marrow and other tissues throughout the body such as in the gastrointestinal system central nervous system bones or skin,0.0,0.0,0.37931034482758624,0.15602836879432624,0.12931722163846932,0.3275862068965517,0.8992215991020203,0.8815751671791077,0.8903109431266785,0.8,"```json
{""score"": 0.8, ""rationale"": ""The model answer correctly identifies DLBCL as a type of non-Hodgkin lymphoma and describes the uncontrolled growth of B-lymphocytes. It omits details about the lymphatic system's broader role in immunity and the potential for involvement of various tissues, as present in the gold answer.""}
```"
2026-04-10T11:14:51.634378+00:00,gpt-oss:20b,q1,What is Ibuprofen?,"Ibuprofen is a nonsteroidal anti-inflammatory drug (NSAID) used to treat mild to moderate pain, and helps to relieve symptoms of arthritis (osteoarthritis, rheumatoid arthritis, or juvenile arthritis), such as inflammation, swelling, stiffness, and joint pain. This medicine does not cure arthritis and will help you only as long as you continue to take it.",pharmacology,0,42,"Ibuprofen is a non‑steroidal anti‑inflammatory drug (NSAID) that reduces pain, fever, and inflammation by inhibiting cyclo‑oxygenase enzymes (COX‑1 and COX‑2). It is commonly used for headaches, menstrual cramps, muscle aches, and arthritis. It should be taken with food to minimize gastrointestinal irritation and avoided in patients with severe kidney disease, peptic ulcer disease, or certain cardiovascular conditions.",True,10492845167,118,106,"You are a clinical expert. Answer in ≤3 sentences. Be direct.
If uncertain, say so. Never recommend unsafe actions.",ibuprofen is a nonsteroidal antiinflammatory drug nsaid that reduces pain fever and inflammation by inhibiting cyclooxygenase enzymes cox1 and cox2 it is commonly used for headaches menstrual cramps muscle aches and arthritis it should be taken with food to minimize gastrointestinal irritation and avoided in patients with severe kidney disease peptic ulcer disease or certain cardiovascular conditions,ibuprofen is a nonsteroidal antiinflammatory drug nsaid used to treat mild to moderate pain and helps to relieve symptoms of arthritis osteoarthritis rheumatoid arthritis or juvenile arthritis such as inflammation swelling stiffness and joint pain this medicine does not cure arthritis and will help you only as long as you continue to take it,0.0,0.0,0.3063063063063063,0.19571045576407506,0.12111633174388432,0.23423423423423423,0.8796570897102356,0.8950286507606506,0.887276291847229,0.8,"{""score"": 0.8, ""rationale"": ""The model answer is mostly correct, accurately describing ibuprofen's class, mechanism, and uses. However, it includes details (enzyme inhibition, specific contraindications) not present in the gold standard and omits the crucial point that ibuprofen does not cure arthritis.""}"
2026-04-10T11:14:55.408695+00:00,gpt-oss:20b,q2,What is DLBCL?,"Diffuse large B-cell lymphoma (DLBCL) is a type of lymphoma. Lymphoma is cancer that affects the lymphatic system. The lymphatic system is made up of organs, glands, tubelike vessels and clusters of cells called lymph nodes. It's part of the body's germ-fighting immune system. Diffuse large B-cell lymphoma can affect lymph nodes, bone marrow, and other tissues throughout the body, such as in the gastrointestinal system, central nervous system, bones or skin.",oncology,0,42,"Diffuse large B‑cell lymphoma (DLBCL) is the most common type of non‑Hodgkin lymphoma, characterized by rapidly growing, large malignant B‑cells that infiltrate lymph nodes and extranodal sites. It presents with painless lymphadenopathy, systemic “B” symptoms (fever, night sweats, weight loss), and can involve organs such as the spleen, liver, or central nervous system. Treatment typically involves R‑CHOP chemotherapy, with prognosis depending on stage, performance status, and molecular subtype.",True,3761583917,158,107,"You are a clinical expert. Answer in ≤3 sentences. Be direct.
If uncertain, say so. Never recommend unsafe actions.",diffuse large bcell lymphoma dlbcl is the most common type of nonhodgkin lymphoma characterized by rapidly growing large malignant bcells that infiltrate lymph nodes and extranodal sites it presents with painless lymphadenopathy systemic b symptoms fever night sweats weight loss and can involve organs such as the spleen liver or central nervous system treatment typically involves rchop chemotherapy with prognosis depending on stage performance status and molecular subtype,diffuse large bcell lymphoma dlbcl is a type of lymphoma lymphoma is cancer that affects the lymphatic system the lymphatic system is made up of organs glands tubelike vessels and clusters of cells called lymph nodes its part of the bodys germfighting immune system diffuse large bcell lymphoma can affect lymph nodes bone marrow and other tissues throughout the body such as in the gastrointestinal system central nervous system bones or skin,0.0,0.0,0.3571428571428572,0.09357997823721437,0.1109687849602487,0.2714285714285714,0.8657079935073853,0.9015259742736816,0.8832540512084961,0.7,"```json
{""score"": 0.7, ""rationale"": ""The model answer correctly identifies DLBCL as a type of non-Hodgkin lymphoma and describes key characteristics. However, it omits the explanation of the lymphatic system, a crucial element present in the gold answer, and lacks the detail about the body's immune system function.""}
```"
